{"mean": [0.03900689259171486, 0.000165617631864734, 0.00017224396287929267, 0.00017106585437431931, 0.008940492756664753, -5.75894009671174e-05, -0.0003174007579218596], "std": [0.6263484954833984, 0.010220806114375591, 0.010224747471511364, 0.0044524394907057285, 0.00508212111890316, 0.014112837612628937, 0.03142959997057915]}